{
  "nodes": {
    "basic": [
      2934,
      1572,
      2769,
      1035,
      1213,
      2949,
      1016,
      1615,
      1840,
      1231
    ],
    "connect": [
      207,
      244,
      183,
      225,
      201,
      307,
      187,
      186,
      242,
      218
    ],
    "multi": [
      591,
      922,
      635,
      742,
      652,
      594,
      301,
      1154,
      1215,
      387
    ]
  },
  "times": {
    "basic": [
      3.122049331665039,
      0.9125881195068359,
      2.755256175994873,
      0.401078462600708,
      0.5416889190673828,
      3.115717887878418,
      0.382338285446167,
      0.9357719421386719,
      1.2237977981567383,
      0.5552349090576172
    ],
    "connect": [
      0.24287772178649902,
      0.4052872657775879,
      0.17148661613464355,
      0.3086559772491455,
      0.23313307762145996,
      0.7581295967102051,
      0.17511606216430664,
      0.17120003700256348,
      0.3898944854736328,
      0.2825150489807129
    ],
    "multi": [
      0.14127397537231445,
      0.33420491218566895,
      0.15945959091186523,
      0.2218763828277588,
      0.16510343551635742,
      0.1371021270751953,
      0.039563894271850586,
      0.5011515617370605,
      0.5563235282897949,
      0.06138753890991211
    ]
  },
  "costs": {
    "basic": [
      null,
      32.09633912029873,
      31.395562013739553,
      31.46065743085424,
      30.878545277199784,
      null,
      32.265814928410016,
      30.507132153224937,
      31.1650273459443,
      31.724728063658617
    ],
    "connect": [
      30.39089465516614,
      33.47072602963427,
      30.369354819853406,
      32.57607964263278,
      31.381777419349284,
      30.29671424832098,
      31.493173548636232,
      29.958977870595906,
      30.141953629047034,
      33.467261286202486
    ],
    "multi": [
      31.380952365515075,
      30.29987483105088,
      29.60121730588731,
      30.72165976743206,
      31.852531706391,
      29.51203646627781,
      29.085283388989723,
      30.497691099390526,
      31.892446637740314,
      29.29162020200999
    ]
  }
}