{
  "nodes": {
    "basic": [
      2457,
      1072,
      1512,
      1882,
      1137,
      2129,
      1622,
      2905,
      1755,
      2090
    ],
    "connect": [
      254,
      206,
      337,
      212,
      168,
      242,
      172,
      234,
      218,
      192
    ],
    "multi": [
      717,
      1022,
      507,
      650,
      591,
      360,
      706,
      542,
      551,
      451
    ]
  },
  "times": {
    "basic": [
      2.1736323833465576,
      0.4221522808074951,
      0.8232100009918213,
      1.2565898895263672,
      0.47763824462890625,
      1.6151981353759766,
      0.9796137809753418,
      3.0335657596588135,
      1.1145336627960205,
      1.607701301574707
    ],
    "connect": [
      0.4727287292480469,
      0.2309589385986328,
      1.0055510997772217,
      0.25768375396728516,
      0.1265885829925537,
      0.38398075103759766,
      0.13666558265686035,
      0.34078168869018555,
      0.2687563896179199,
      0.1879122257232666
    ],
    "multi": [
      0.19895386695861816,
      0.38431620597839355,
      0.10230731964111328,
      0.16020917892456055,
      0.14131402969360352,
      0.05398225784301758,
      0.1972823143005371,
      0.11900591850280762,
      0.11853146553039551,
      0.08882451057434082
    ]
  },
  "costs": {
    "basic": [
      31.094102140437695,
      32.699988859796925,
      31.424945566166258,
      33.118016192008994,
      30.551470742096487,
      29.829128300886424,
      31.452597603286197,
      null,
      31.718461628628628,
      34.762715064024775
    ],
    "connect": [
      29.95329139204985,
      30.43183458750623,
      31.74153484664046,
      30.504498551126378,
      32.91716980416371,
      31.0431126712036,
      30.291328350091824,
      30.28399838741211,
      30.540701722013946,
      30.33642734953937
    ],
    "multi": [
      30.778926274248118,
      29.998997174159438,
      29.341067385114762,
      30.753792734144238,
      31.482910543317967,
      30.625843112893993,
      30.293641170324157,
      29.45439983201824,
      29.871357126237427,
      29.992311362282567
    ]
  }
}