{
  "nodes": {
    "basic": [
      1423,
      1119,
      1716,
      1110,
      984,
      2210,
      1598,
      2086,
      1554,
      1218
    ],
    "connect": [
      225,
      199,
      208,
      189,
      251,
      158,
      207,
      180,
      179,
      322
    ],
    "multi": [
      625,
      351,
      536,
      715,
      862,
      795,
      1060,
      571,
      424,
      815
    ]
  },
  "times": {
    "basic": [
      0.7564928531646729,
      0.4640622138977051,
      1.0627789497375488,
      0.4589803218841553,
      0.3661315441131592,
      1.7707774639129639,
      0.9366848468780518,
      1.5964086055755615,
      0.8922150135040283,
      0.554912805557251
    ],
    "connect": [
      0.3130805492401123,
      0.21654343605041504,
      0.24214959144592285,
      0.18425965309143066,
      0.42970991134643555,
      0.11163449287414551,
      0.250272274017334,
      0.15630245208740234,
      0.15642809867858887,
      0.8805947303771973
    ],
    "multi": [
      0.15534615516662598,
      0.054424285888671875,
      0.11641097068786621,
      0.19827985763549805,
      0.29103994369506836,
      0.24115681648254395,
      0.4309546947479248,
      0.12920737266540527,
      0.07552051544189453,
      0.2574605941772461
    ]
  },
  "costs": {
    "basic": [
      32.088838838095846,
      30.77309355659527,
      31.70294234332945,
      31.40801739821769,
      30.468884410001948,
      31.886975980827508,
      31.873454214252273,
      32.34301672666347,
      30.791224198668843,
      33.47217356680414
    ],
    "connect": [
      31.710860853421618,
      31.359959323307347,
      32.34058096651944,
      31.180563402957453,
      31.176869534800268,
      29.890424124780036,
      34.572106554318694,
      31.827043878256248,
      31.46810735407451,
      34.70296160044392
    ],
    "multi": [
      29.899848674189244,
      30.152865203813988,
      32.215728664066575,
      30.353275992357677,
      32.32267020800563,
      30.82911999766661,
      31.169183999263623,
      29.603500050739385,
      30.83484852020565,
      31.781795792965152
    ]
  }
}